{
	"id": "7470ccf1ba7116582d2ba882ce7411bd",
	"_format": "hh-sol-build-info-1",
	"solcVersion": "0.8.26",
	"solcLongVersion": "0.8.26+commit.8a97fa7a",
	"input": {
		"language": "Solidity",
		"sources": {
			"contracts/Simle.sol": {
				"content": "//  SPDX-license-Identifier: MIT;\r\npragma solidity ^0.8.8 ;\r\n"
			}
		},
		"settings": {
			"optimizer": {
				"enabled": false,
				"runs": 200
			},
			"outputSelection": {
				"*": {
					"": [
						"ast"
					],
					"*": [
						"abi",
						"metadata",
						"devdoc",
						"userdoc",
						"storageLayout",
						"evm.legacyAssembly",
						"evm.bytecode",
						"evm.deployedBytecode",
						"evm.methodIdentifiers",
						"evm.gasEstimates",
						"evm.assembly"
					]
				}
			},
			"remappings": []
		}
	},
	"output": {
		"errors": [
			{
				"component": "general",
				"errorCode": "1878",
				"formattedMessage": "Warning: SPDX license identifier not provided in source file. Before publishing, consider adding a comment containing \"SPDX-License-Identifier: <SPDX-License>\" to each source file. Use \"SPDX-License-Identifier: UNLICENSED\" for non-open-source code. Please see https://spdx.org for more information.\n--> contracts/Simle.sol\n\n",
				"message": "SPDX license identifier not provided in source file. Before publishing, consider adding a comment containing \"SPDX-License-Identifier: <SPDX-License>\" to each source file. Use \"SPDX-License-Identifier: UNLICENSED\" for non-open-source code. Please see https://spdx.org for more information.",
				"severity": "warning",
				"sourceLocation": {
					"end": -1,
					"file": "contracts/Simle.sol",
					"start": -1
				},
				"type": "Warning"
			}
		],
		"sources": {
			"contracts/Simle.sol": {
				"ast": {
					"absolutePath": "contracts/Simle.sol",
					"exportedSymbols": {},
					"id": 2,
					"nodeType": "SourceUnit",
					"nodes": [
						{
							"id": 1,
							"literals": [
								"solidity",
								"^",
								"0.8",
								".8"
							],
							"nodeType": "PragmaDirective",
							"src": "35:24:0"
						}
					],
					"src": "35:26:0"
				},
				"id": 0
			}
		}
	}
}